"time","as7.y","add.y"
0,29043414.09864089,0
0,29043414.09864089,0
0,29043414.09864089,0
80,29043414.09864089,37313257.20427941
160,29043414.09864089,30840427.1562769
180,29043414.09864089,29538679.6951823
180,33363600.16808859,29538679.6951823
240,33363600.16808859,30420095.19561155
320,33363600.16808859,33432146.11390211
360,33363600.16808859,33910391.64880686
360,32677899.13354585,33910391.64880686
400,32677899.13354585,33747241.14874231
480,32677899.13354585,32899649.83273358
540,32677899.13354585,32644414.3596821
540,32773536.74122328,32644414.3596821
560,32773536.74122328,32624303.99527034
640,32773536.74122328,32716922.65147205
720,32773536.74122328,32775640.24487098
720,26971712.42475276,32775640.24487098
800,26971712.42475276,27783632.04472202
880,26971712.42475276,25276253.0300791
900,26971712.42475276,25265183.23456019
900,26880229.87271715,25265183.23456019
960,26880229.87271715,25688860.41273336
1040,26880229.87271715,26341560.42502695
1080,26880229.87271715,26554746.91678626
1080,30060383.436256,26554746.91678626
1120,30060383.436256,27751412.78040726
1200,30060383.436256,30591302.83783321
1260,30060383.436256,30976148.06604471
1260,29885806.36318429,30976148.06604471
1280,29885806.36318429,30908262.85846861
1360,29885806.36318429,30327431.13909535
1440,29885806.36318429,29996569.89071885
1440,31444685.53403829,29996569.89071885
1520,31444685.53403829,31245168.76884223
1600,31444685.53403829,31901845.10815021
1620,31444685.53403829,31904128.93830758
1620,32956610.84461707,31904128.93830758
1680,32956610.84461707,32700402.86105732
1760,32956610.84461707,33488807.6398092
1800,32956610.84461707,33482680.43502636
1800,28690658.64614137,33482680.43502636
1840,28690658.64614137,31954133.98442953
1920,28690658.64614137,28088526.85224139
1980,28690658.64614137,27515504.95607634
1980,28952623.84820076,27515504.95607634
2000,28952623.84820076,27596174.40296154
2080,28952623.84820076,28372597.802075
2160,28952623.84820076,28814921.09143616
2160,32268248.28281212,28814921.09143616
2240,32268248.28281212,31793288.70744848
2320,32268248.28281212,33241309.40195998
2340,32268248.28281212,33247273.16348262
2340,30973505.23868075,33247273.16348262
2400,30973505.23868075,32178392.31114945
2480,30973505.23868075,30930923.40585786
2520,30973505.23868075,30762245.74235228
2520,27583300.21520758,30762245.74235228
2560,27583300.21520758,29619969.94455205
2640,27583300.21520758,26836329.31807604
2700,27583300.21520758,26526645.42345679
2700,26204177.71833589,26526645.42345679
2720,26204177.71833589,26479865.57823234
2800,26204177.71833589,25632235.74676855
2880,26204177.71833589,25620308.37823491
2880,27563122.34739383,25620308.37823491
2960,27563122.34739383,27079956.33187167
3040,27563122.34739383,27853300.87451234
3060,27563122.34739383,27882514.88780077
3060,31281938.47954075,27882514.88780077
3120,31281938.47954075,30095152.82113336
3200,31281938.47954075,32361810.16307217
3240,31281938.47954075,32443393.03762503
3240,28751992.15596702,32443393.03762503
3280,28751992.15596702,31392550.19291265
3360,28751992.15596702,28718636.93019098
3420,28751992.15596702,28201169.79510898
3420,27633956.98833022,28201169.79510898
3440,27633956.98833022,28098148.19360356
3520,27633956.98833022,27252171.63461504
3600,27633956.98833022,27185008.75322356
3600,30898981.15570182,27185008.75322356
3600.000000720032,30898981.15570182,27185008.75484523
3600.000000720032,60898981.15570182,27185008.75484523
3680,60898981.15570182,68352856.04952738
3760,60898981.15570182,63848066.59584211
3780,60898981.15570182,62574654.63907025
3780,63730791.19494623,62574654.63907025
3840,63730791.19494623,62232587.57347034
3920,63730791.19494623,63780028.28043094
3960,63730791.19494623,64052640.36960589
3960,62671273.92161936,64052640.36960589
4000,62671273.92161936,63740636.44383837
4080,62671273.92161936,62686642.29090609
4140,62671273.92161936,62462959.55212325
4140,59138544.68094344,62462959.55212325
4160,59138544.68094344,62140949.3309549
4240,59138544.68094344,58819793.40759452
4320,59138544.68094344,58048915.68958603
4320,59704844.91459739,58048915.68958603
4400,59704844.91459739,58988871.82155281
4480,59704844.91459739,59626326.95398308
4500,59704844.91459739,59687178.33249007
4500,60643957.30935287,59687178.33249007
4560,60643957.30935287,60325688.84185474
4640,60643957.30935287,60918786.12183908
4680,60643957.30935287,60939295.71469789
4680,62462171.55558637,60939295.71469789
4720,62462171.55558637,61490718.40705911
4800,62462171.55558637,62906899.57439072
4860,62462171.55558637,63047180.19737913
4860,59584065.64084023,63047180.19737913
4880,59584065.64084023,62743368.56934365
4960,59584065.64084023,59700013.84579385
5040,59584065.64084023,58832232.37829453
5040,58091193.9154454,58832232.37829453
5120,58091193.9154454,57818105.0524023
5200,58091193.9154454,57465460.00587305
5220,58091193.9154454,57508452.03803919
5220,59861490.54467493,57508452.03803919
5280,59861490.54467493,58801472.10677026
5360,59861490.54467493,60174385.8695144
5400,59861490.54467493,60298423.01261821
5400,58643141.21526335,60298423.01261821
5440,58643141.21526335,59846150.5210052
5520,58643141.21526335,58607297.83797479
5580,58643141.21526335,58370360.31778169
5580,57802279.79981119,58370360.31778169
5600,57802279.79981119,58295701.35502303
5680,57802279.79981119,57600380.85859789
5760,57802279.79981119,57496431.03788938
5760,61561448.67968398,57496431.03788938
5840,61561448.67968398,60875985.46210745
5920,61561448.67968398,62601198.22539171
5940,61561448.67968398,62623129.58074307
5940,61700060.55164903,62623129.58074307
6000,61700060.55164903,62423779.58286169
6080,61700060.55164903,62064919.78713055
6120,61700060.55164903,61931696.6311629
6120,60604818.19486109,61931696.6311629
6160,60604818.19486109,61474999.48442983
6240,60604818.19486109,60447404.32458107
6300,60604818.19486109,60299804.2851761
6300,57816111.43152923,60299804.2851761
6320,57816111.43152923,60065291.65371377
6400,57816111.43152923,57512963.51574412
6480,57816111.43152923,56938935.67239739
6480,60676529.363501,56938935.67239739
6560,60676529.363501,59772704.74878035
6640,60676529.363501,61320280.19101579
6660,60676529.363501,61373012.17792244
6660,59992659.02043831,61373012.17792244
6720,59992659.02043831,60804725.2151368
6800,59992659.02043831,60052930.71909046
6840,59992659.02043831,59930148.44858842
6840,59485024.91530629,59930148.44858842
6880,59485024.91530629,59731996.49818721
6960,59485024.91530629,59334275.31812207
7020,59485024.91530629,59307611.41860706
7020,58578504.12540516,59307611.41860706
7040,58578504.12540516,59242572.13998181
7120,58578504.12540516,58451285.33642239
7200,58578504.12540516,58283831.88313466
7200,60453155.01737528,58283831.88313466
7200.000001440012,60453155.01737528,58283831.88436419
7200.000001440012,90453155.01737528,58283831.88436419
7280,90453155.01737528,98163385.38637632
7360,90453155.01737528,93015909.28489706
7380,90453155.01737528,91734576.90442583
7380,88059494.58925977,91734576.90442583
7440,88059494.58925977,88298880.53028359
7520,88059494.58925977,86626916.19710203
7560,88059494.58925977,86770209.00642583
7560,90640385.45847754,86770209.00642583
7600,90640385.45847754,87953165.39885604
7680,90640385.45847754,90721015.45979086
7740,90640385.45847754,91231651.29316044
7740,91617649.32880929,91231651.29316044
7760,91617649.32880929,91316475.08517331
7840,91617649.32880929,92005806.63059027
7920,91617649.32880929,92029350.99977438
7920,85992523.70805281,92029350.99977438
8000,85992523.70805281,86979013.39807755
8080,85992523.70805281,84419984.17225409
8100,85992523.70805281,84391330.87168182
8100,91936329.58193861,84391330.87168182
8160,91936329.58193861,88463217.49430993
8240,91936329.58193861,92990117.46129802
8280,91936329.58193861,93402010.12307329
8280,85305702.37098879,93402010.12307329
8320,85305702.37098879,91037966.19812256
8400,85305702.37098879,84716975.53431986
8460,85305702.37098879,83641473.18093698
8460,87718403.04616164,83641473.18093698
8480,87718403.04616164,83906240.96380709
8560,87718403.04616164,86958466.26815189
8640,87718403.04616164,88103923.5075947
8640,89803213.43306097,88103923.5075947
8720,89803213.43306097,89845655.41195272
8800,89803213.43306097,90553712.15670076
8820,89803213.43306097,90524296.358677
8820,89115938.46707816,90524296.358677
8880,89115938.46707816,89866614.89527917
8960,89115938.46707816,89133267.02133386
9000,89115938.46707816,89026229.54833761
9000,88762024.76483299,89026229.54833761
9040,88762024.76483299,88890694.73025258
9120,88762024.76483299,88635529.14504184
9180,88762024.76483299,88628824.76975635
9180,89202209.91031869,88628824.76975635
9200,89202209.91031869,88681911.35745059
9280,89202209.91031869,89169291.62023945
9360,89202209.91031869,89312216.47459354
9360,88685839.24365386,89312216.47459354
9440,88685839.24365386,88829338.0163247
9520,88685839.24365386,88563041.5207864
9540,88685839.24365386,88555270.70231764
9540,95957898.58080018,88555270.70231764
9600,95957898.58080018,93037362.3024523
9680,95957898.58080018,97807324.2520794
9720,95957898.58080018,98076108.03524622
9720,91083284.04133762,98076108.03524622
9760,91083284.04133762,96114853.71018916
9840,91083284.04133762,91008936.98920713
9900,91083284.04133762,90019601.64196225
9900,92100628.65436473,90019601.64196225
9920,92100628.65436473,90105384.61669657
10000,92100628.65436473,91534900.77961534
10080,92100628.65436473,92170257.74811624
10080,91881966.4911574,92170257.74811624
10160,91881966.4911574,92024986.0762088
10240,91881966.4911574,91870100.94744876
10260,91881966.4911574,91857692.40154025
10260,92408400.88856943,91857692.40154025
10320,92408400.88856943,92174227.6897759
10400,92408400.88856943,92530201.16125847
10440,92408400.88856943,92554383.27907525
10440,88826451.13197263,92554383.27907525
10480,88826451.13197263,91340740.4430877
10560,88826451.13197263,88224726.63852505
10620,88826451.13197263,87797518.14589289
10620,90451905.5888917,87797518.14589289
10640,90451905.5888917,88001896.44780177
10720,90451905.5888917,90031640.8757017
10800,90451905.5888917,90748076.41231559
10800,90948262.17966829,90748076.41231559
10800.00000216,90948262.17966829,90748076.41621536
10800.00000216,120948262.1796683,90748076.41621536
10880,120948262.1796683,129250606.3530949
10960,120948262.1796683,123267783.8360547
10980,120948262.1796683,121945329.1920882
10980,119673168.9865573,121945329.1920882
11040,119673168.9865573,119236256.7905476
11120,119673168.9865573,118421818.4779948
11160,119673168.9865573,118649301.8387032
11160,119817106.2079529,118649301.8387032
11200,119817106.2079529,118996171.0793296
11280,119817106.2079529,119566251.2948843
11340,119817106.2079529,119744300.0775386
11340,120887292.9033084,119744300.0775386
11360,120887292.9033084,119868387.4241382
11440,120887292.9033084,120942783.9841321
11520,120887292.9033084,121203704.5125812
11520,121030878.3245345,121203704.5125812
11600,121030878.3245345,121199869.1257587
11680,121030878.3245345,121145660.635014
11700,121030878.3245345,121128089.4304675
11700,120601608.6573565,121128089.4304675
11760,120601608.6573565,120820465.882014
11840,120601608.6573565,120508690.4036993
11880,120601608.6573565,120485622.1315173
11880,120085494.1618992,120485622.1315173
11920,120085494.1618992,120330031.7243541
12000,120085494.1618992,119943165.0444213
12060,120085494.1618992,119911927.8366894
12060,120335661.5962138,119911927.8366894
12080,120335661.5962138,119949132.6095112
12160,120335661.5962138,120270568.3520711
12240,120335661.5962138,120381588.7962075
12240,120139501.6354898,120381588.7962075
12320,120139501.6354898,120202831.3685734
12400,120139501.6354898,120097011.1765684
12420,120139501.6354898,120093060.4820771
12420,121727020.7945484,120093060.4820771
12480,121727020.7945484,121074822.1313789
12560,121727020.7945484,122124004.884287
12600,121727020.7945484,122185592.0397795
12600,118980219.1202427,122185592.0397795
12640,118980219.1202427,121199362.5798849
12720,118980219.1202427,118653208.935632
12780,118980219.1202427,118251801.3159142
12780,122370134.590287,118251801.3159142
12800,122370134.590287,118585447.6523264
12880,122370134.590287,122175888.2942058
12960,122370134.590287,123232204.2772076
12960,118983673.8877743,123232204.2772076
13040,118983673.8877743,120010569.0775537
13120,118983673.8877743,118211893.2099615
13140,118983673.8877743,118152424.1308749
13140,121495142.568854,118152424.1308749
13200,121495142.568854,119871320.0906236
13280,121495142.568854,121865668.2806778
13320,121495142.568854,122069949.3815901
13320,119699901.3232789,122069949.3815901
13360,119699901.3232789,121425804.2992949
13440,119699901.3232789,119630325.2990334
13500,119699901.3232789,119291264.3134102
13500,121395675.0659892,119291264.3134102
13520,121395675.0659892,119445829.0424256
13600,121395675.0659892,121254663.3674653
13680,121395675.0659892,121809727.5703644
13680,121887586.6402934,121809727.5703644
13760,121887586.6402934,122093852.2495256
13840,121887586.6402934,122140620.419821
13860,121887586.6402934,122115175.9747404
13860,120680996.6457593,122115175.9747404
13920,120680996.6457593,121286426.9085698
14000,120680996.6457593,120419611.0799182
14040,120680996.6457593,120355493.7450596
14040,120841014.7249799,120355493.7450596
14080,120841014.7249799,120452890.4915024
14160,120841014.7249799,120737636.0337385
14220,120841014.7249799,120827732.1052142
14220,120308928.4045855,120827732.1052142
14240,120308928.4045855,120792651.9186816
14320,120308928.4045855,120290695.8908286
14400,120308928.4045855,120157155.1815885
14400,120290457.3446903,120157155.1815885
14400.00000288019,120290457.3446903,120157155.1821556
14400.00000288019,150290457.3446903,120157155.1821556
14480,150290457.3446903,158338022.181251
14560,150290457.3446903,152326409.3584957
14580,150290457.3446903,151034902.3122147
14580,144193824.815578,151034902.3122147
14640,144193824.815578,145476597.367042
14720,144193824.815578,141631528.6131831
14760,144193824.815578,141716819.1851343
14760,151012245.8565559,141716819.1851343
14800,151012245.8565559,144532019.9239525
14880,151012245.8565559,151437881.8421713
14940,151012245.8565559,152656796.3951672
14940,149083386.7846562,152656796.3951672
14960,149083386.7846562,152453082.5780563
15040,149083386.7846562,149881595.6621949
15120,149083386.7846562,148846004.1191988
15120,146890547.0688319,148846004.1191988
15200,146890547.0688319,146949246.8222958
15280,146890547.0688319,146141607.8033621
15300,146890547.0688319,146162717.1430305
15300,150456721.8828445,146162717.1430305
15360,150456721.8828445,148576718.4562657
15440,150456721.8828445,151181648.2327698
15480,150456721.8828445,151390978.1553832
15480,147811988.4741361,151390978.1553832
15520,147811988.4741361,150391938.4702189
15600,147811988.4741361,147713011.8976874
15660,147811988.4741361,147209504.0363933
15660,148124575.9701711,147209504.0363933
15680,148124575.9701711,147241102.8401314
15760,148124575.9701711,147799221.9381296
15840,148124575.9701711,148090050.1889015
15840,148099431.9322632,148090050.1889015
15920,148099431.9322632,148121119.9960739
16000,148099431.9322632,148103858.5910579
16020,148099431.9322632,148101327.1795254
16020,152010091.6291558,148101327.1795254
16080,152010091.6291558,150492348.3548367
16160,152010091.6291558,153026546.8032429
16200,152010091.6291558,153161616.1775662
16200,149284262.2134199,153161616.1775662
16240,149284262.2134199,152066676.3182989
16320,149284262.2134199,149226987.2726646
16380,149284262.2134199,148682262.9250337
16380,148870108.4500267,148682262.9250337
16400,148870108.4500267,148644454.8645404
16480,148870108.4500267,148499240.5282511
16560,148870108.4500267,148618863.1774108
16560,147853965.4472924,148618863.1774108
16640,147853965.4472924,147883934.3577329
16720,147853965.4472924,147518369.9256907
16740,147853965.4472924,147526300.8763666
16740,146024782.1465212,147526300.8763666
16800,146024782.1465212,146507774.1350077
16880,146024782.1465212,145455297.5970694
16920,146024782.1465212,145431569.0194623
16920,150610576.3532277,145431569.0194623
16960,150610576.3532277,147069800.4600591
17040,150610576.3532277,151239602.662912
17100,150610576.3532277,151865126.2216187
17100,151729427.3023189,151865126.2216187
17120,151729427.3023189,151905757.0258705
17200,151729427.3023189,152426129.2086455
17280,151729427.3023189,152289763.2348752
17280,148724677.4760746,152289763.2348752
17360,148724677.4760746,149405060.2847619
17440,148724677.4760746,147938331.7882352
17460,148724677.4760746,147909377.247723
17460,153798383.3280071,147909377.247723
17520,153798383.3280071,151222907.4571344
17600,153798383.3280071,154860139.7816422
17640,153798383.3280071,155143478.7145103
17640,152501813.8450103,155143478.7145103
17680,152501813.8450103,154535390.0472606
17760,152501813.8450103,152818305.7015023
17820,152501813.8450103,152372752.4375698
17820,148813337.2663398,152372752.4375698
17840,148813337.2663398,152002037.7493622
17920,148813337.2663398,148482003.4580289
18000,148813337.2663398,147673485.594992
18000,147749236.4078026,147673485.594992
18000.00000360018,147749236.4078026,147673485.6042408
18000.00000360018,177749236.4078026,147673485.6042408
18080,177749236.4078026,185367898.022987
18160,177749236.4078026,179259888.5321521
18180,177749236.4078026,178020330.658756
18180,178285302.7359642,178020330.658756
18240,178285302.7359642,176708700.0454479
18320,178285302.7359642,177338464.4235212
18360,178285302.7359642,177700176.0514914
18360,180321691.924292,177700176.0514914
18400,180321691.924292,178632601.4749773
18480,180321691.924292,180611327.8992003
18540,180321691.924292,180894484.3067393
18540,180604587.0209956,180894484.3067393
18560,180604587.0209956,180890859.6480879
18640,180604587.0209956,180907051.9714063
18720,180604587.0209956,180791167.146965
18720,178868003.6070801,180791167.146965
18800,178868003.6070801,179188059.8161178
18880,178868003.6070801,178386259.4953656
18900,178868003.6070801,178376252.6228019
18900,178403757.8081326,178376252.6228019
18960,178403757.8081326,178224012.6786605
19040,178403757.8081326,178131108.0843043
19080,178403757.8081326,178178836.4971329
19080,181533548.9915285,178178836.4971329
19120,181533548.9915285,179282078.3782765
19200,181533548.9915285,182044463.4512086
19260,181533548.9915285,182427246.3798611
19260,181404319.5349904,182427246.3798611
19280,181404319.5349904,182365911.1433789
19360,181404319.5349904,181839898.2064125
19440,181404319.5349904,181525813.3234397
19440,180089478.38738,181525813.3234397
19520,180089478.38738,180295005.4156762
19600,180089478.38738,179707858.1788791
19620,180089478.38738,179704389.4198131
19620,180986551.4817148,179704389.4198131
19680,180986551.4817148,180361045.1827101
19760,180986551.4817148,181103623.5390162
19800,180986551.4817148,181183464.3493537
19800,177896211.3961462,181183464.3493537
19840,177896211.3961462,180142537.9553703
19920,177896211.3961462,177418580.4718547
19980,177896211.3961462,177027774.762755
19980,179799587.8265149,177027774.762755
20000,179799587.8265149,177244280.854929
20080,179799587.8265149,179467939.5778402
20160,179799587.8265149,180203254.2320365
20160,176592909.8441968,180203254.2320365
20240,176592909.8441968,177326749.183785
20320,176592909.8441968,175771073.5984271
20340,176592909.8441968,175737049.6603451
20340,180326309.1655487,175737049.6603451
20400,180326309.1655487,178235712.1126047
20480,180326309.1655487,181022577.1915525
20520,180326309.1655487,181266513.9617258
20520,179170888.6101684,181266513.9617258
20560,179170888.6101684,180774292.3789083
20640,179170888.6101684,179359116.6831312
20700,179170888.6101684,179013747.5516368
20700,179913783.994134,179013747.5516368
20720,179913783.994134,179054877.5093042
20800,179913783.994134,179826407.1580769
20880,179913783.994134,180083179.0378903
20880,181036920.5461465,180083179.0378903
20960,181036920.5461465,180998057.0598725
21040,181036920.5461465,181412934.2892874
21060,181036920.5461465,181403401.9345419
21060,180024813.6039107,181403401.9345419
21120,180024813.6039107,180669588.8503802
21200,180024813.6039107,179865060.6671087
21240,180024813.6039107,179786320.7583222
21240,177968457.8671868,179786320.7583222
21280,177968457.8671868,179123681.8282734
21360,177968457.8671868,177483194.2571022
21420,177968457.8671868,177313924.2592531
21420,174823287.2411204,177313924.2592531
21440,174823287.2411204,177082021.9468542
21520,174823287.2411204,174349102.2581568
21600,174823287.2411204,173787862.3957714
21600,178367635.6172935,173787862.3957714
21600.00000432003,178367635.6172935,173787862.4092612
21600.00000432003,208367635.6172935,173787862.4092612
21680,208367635.6172935,215428142.7191731
21760,208367635.6172935,211260798.258585
21780,208367635.6172935,210021429.8315543
21780,207973207.4379955,210021429.8315543
21840,207973207.4379955,207742688.4406888
21920,207973207.4379955,207196465.6601669
21960,207973207.4379955,207352602.1287025
21960,209691374.9944139,207352602.1287025
22000,209691374.9944139,208116193.4008598
22080,209691374.9944139,209852297.5901087
22140,209691374.9944139,210135387.7098632
22140,211177936.180975,210135387.7098632
22160,211177936.180975,210254413.5863197
22240,211177936.180975,211492407.2528135
22320,211177936.180975,211701230.2807244
22320,212108730.0755467,211701230.2807244
22400,212108730.0755467,212266889.0612544
22480,212108730.0755467,212489088.3389875
22500,212108730.0755467,212464103.4407766
22500,210688242.9287735,212464103.4407766
22560,210688242.9287735,211468442.3804676
22640,210688242.9287735,210410207.3530422
22680,210688242.9287735,210322040.326495
22680,212882033.9638643,210322040.326495
22720,212882033.9638643,211096517.9516709
22800,212882033.9638643,213132657.3106247
22860,212882033.9638643,213458589.2779975
22860,208192680.7024067,213458589.2779975
22880,208192680.7024067,213015833.9501666
22960,208192680.7024067,208240167.3680001
23040,208192680.7024067,206919487.0107742
23040,209160920.0301114,206919487.0107742
23120,209160920.0301114,208231159.5322737
23200,209160920.0301114,209133382.1931992
23220,209160920.0301114,209210686.8069798
23220,212935207.7832887,209210686.8069798
23280,212935207.7832887,211582401.9339471
23360,212935207.7832887,213978237.867621
23400,212935207.7832887,214084540.2621507
23400,210231936.4739717,214084540.2621507
23440,210231936.4739717,212986872.2600502
23520,210231936.4739717,210168708.1477482
23580,210231936.4739717,209631395.1384771
23580,209371059.9168433,209631395.1384771
23600,209371059.9168433,209553980.6197067
23680,209371059.9168433,208978233.0903149
23760,209371059.9168433,208989206.5783586
23760,209260089.13124,208989206.5783586
23840,209260089.13124,209086260.1044264
23920,209260089.13124,209159248.0427675
23940,209260089.13124,209176160.6313452
23940,210817345.0709781,209176160.6313452
24000,210817345.0709781,210169525.1210229
24080,210817345.0709781,211207070.4392346
24120,210817345.0709781,211267498.4592712
24120,209874380.1337227,211267498.4592712
24160,209874380.1337227,210882838.8530945
24240,209874380.1337227,209876521.4385907
24300,209874380.1337227,209676064.5182891
24300,211526785.6108957,209676064.5182891
24320,211526785.6108957,209821247.1266969
24400,211526785.6108957,211497074.3608176
24480,211526785.6108957,211969765.2840928
24480,213086442.1548036,211969765.2840928
24560,213086442.1548036,213149185.0956642
24640,213086442.1548036,213652693.5859885
24660,213086442.1548036,213628663.9006948
24660,209465668.1541252,213628663.9006948
24720,209465668.1541252,211232923.5364138
24800,209465668.1541252,208671145.3821975
24840,209465668.1541252,208483737.6578711
24840,210900896.7148194,208483737.6578711
24880,210900896.7148194,209096843.4503577
24960,210900896.7148194,210765667.3589842
25020,210900896.7148194,211142412.3245447
25020,210646782.1590216,211142412.3245447
25040,210646782.1590216,211139753.0205142
25120,210646782.1590216,210800909.3299488
25200,210646782.1590216,210635868.9945833
25200,214591866.4459055,210635868.9945833
25200.00000504006,214591866.4459055,210635868.9906871
25200.00000504006,244591866.4459055,210635868.9906871
25280,244591866.4459055,252157340.6523035
25360,244591866.4459055,247812638.9393539
25380,244591866.4459055,246522314.4498292
25380,242283403.7489434,246522314.4498292
25440,242283403.7489434,242943844.548632
25520,242283403.7489434,241061432.1214168
25560,242283403.7489434,241128282.4914534
25560,239401328.1921432,241128282.4914534
25600,239401328.1921432,240440513.2353302
25680,239401328.1921432,238500929.6212974
25740,239401328.1921432,238393074.4633354
25740,237023847.2230471,238393074.4633354
25760,237023847.2230471,238275130.3291085
25840,237023847.2230471,236451138.3499195
25920,237023847.2230471,236166431.768466
25920,243188153.3088419,236166431.768466
26000,243188153.3088419,241869766.9963964
26080,243188153.3088419,244820039.8068217
26100,243188153.3088419,244873735.9707317
26100,237383535.8212382,244873735.9707317
26160,237383535.8212382,240886357.8966302
26240,237383535.8212382,236405605.1122261
26280,237383535.8212382,235982343.7014127
26280,237224698.0024151,235982343.7014127
26320,237224698.0024151,236070020.1249113
26400,237224698.0024151,236580424.9529595
26460,237224698.0024151,236895872.5397686
26460,242772334.4716889,236895872.5397686
26480,242772334.4716889,237467232.311852
26560,242772334.4716889,242989515.5236254
26640,242772334.4716889,244384169.0845656
26640,241273563.5722899,244384169.0845656
26720,241273563.5722899,242452909.1742923
26800,241273563.5722899,241210312.7738619
26820,241273563.5722899,241115933.3563181
26820,240113244.0991584,241115933.3563181
26880,240113244.0991584,240359817.7447711
26960,240113244.0991584,239708585.2984464
27000,240113244.0991584,239709971.9980898
27000,241696582.628812,239709971.9980898
27040,241696582.628812,240320111.6788654
27120,241696582.628812,241847355.8961958
27180,241696582.628812,242100280.1006197
27180,239084548.1683475,242100280.1006197
27200,239084548.1683475,241853427.6568519
27280,239084548.1683475,239157888.1698222
27360,239084548.1683475,238392694.9445709
27360,240473875.5727841,238392694.9445709
27440,240473875.5727841,239843216.823875
27520,240473875.5727841,240708756.2314343
27540,240473875.5727841,240752959.5698766
27540,236109558.5694505,240752959.5698766
27600,236109558.5694505,238043689.8832706
27680,236109558.5694505,235083056.2815895
27720,236109558.5694505,234887388.642767
27720,242499181.2375015,234887388.642767
27760,242499181.2375015,237194962.4101819
27840,242499181.2375015,243189915.6141812
27900,242499181.2375015,244161194.4308402
27900,240646264.9391363,244161194.4308402
27920,240646264.9391363,243933699.3457091
28000,240646264.9391363,241415836.5106986
28080,240646264.9391363,240417042.1482747
28080,240982753.7935852,240417042.1482747
28160,240982753.7935852,240701333.2652205
28240,240982753.7935852,240979130.0704309
28260,240982753.7935852,241003771.9773409
28260,243934743.3449925,241003771.9773409
28320,243934743.3449925,242829727.0309547
28400,243934743.3449925,244724851.6369368
28440,243934743.3449925,244818063.1279
28440,238345446.8731446,244818063.1279
28480,238345446.8731446,242810332.0754024
28560,238345446.8731446,237653026.1019499
28620,238345446.8731446,236850519.7257835
28620,237116933.0494707,236850519.7257835
28640,237116933.0494707,236804484.5204674
28720,237116933.0494707,236282046.3678539
28800,237116933.0494707,236475786.3111573
28800,240882341.4783167,236475786.3111573
28800.00000576041,240882341.4783167,236475786.3376267
28800.00000576041,210882341.4783167,236475786.3376267
28880,210882341.4783167,201925830.6937734
28960,210882341.4783167,209803159.4806973
28980,210882341.4783167,211136452.4924559
28980,208876455.6417867,211136452.4924559
29040,208876455.6417867,211486496.0866976
29120,208876455.6417867,209650707.1949705
29160,208876455.6417867,209151657.9009171
29160,207451928.7289,209151657.9009171
29200,207451928.7289,208438151.8786678
29280,207451928.7289,207125706.8441771
29340,207451928.7289,206990380.9010168
29340,210962918.9413419,206990380.9010168
29360,210962918.9413419,207339725.8275337
29440,210962918.9413419,210937560.1704255
29520,210962918.9413419,211921910.6592807
29520,210727576.5236204,211921910.6592807
29600,210727576.5236204,211358276.7950938
29680,210727576.5236204,210892348.8559591
29700,210727576.5236204,210835048.164204
29700,211531667.5019679,210835048.164204
29760,211531667.5019679,211240982.4570045
29840,211531667.5019679,211738909.6872573
29880,211531667.5019679,211766277.1782448
29880,208738111.3575926,211766277.1782448
29920,208738111.3575926,210799039.2512402
30000,208738111.3575926,208314659.7400273
30060,208738111.3575926,207956285.8393472
30060,209017637.3692345,207956285.8393472
30080,209017637.3692345,208021664.95249
30160,209017637.3692345,208640999.6833304
30240,209017637.3692345,208958459.5566032
30240,207137282.0106819,208958459.5566032
30320,207137282.0106819,207405336.4104114
30400,207137282.0106819,206594709.0677288
30420,207137282.0106819,206589715.8121535
30420,214394647.8934983,206589715.8121535
30480,214394647.8934983,211185117.7672727
30560,214394647.8934983,216117271.4403726
30600,214394647.8934983,216437209.5290272
30600,208905023.6096234,216437209.5290272
30640,208905023.6096234,214303649.1425565
30720,208905023.6096234,208704626.9949623
30780,208905023.6096234,207655191.9230856
30780,209649219.6501207,207655191.9230856
30800,209649219.6501207,207729112.329109
30880,209649219.6501207,208979540.0842469
30960,209649219.6501207,209606383.5048473
30960,210544288.736914,209606383.5048473
31040,210544288.736914,210475402.4734633
31120,210544288.736914,210837616.5999066
31140,210544288.736914,210832282.509903
31140,209448265.7409866,210832282.509903
31200,209448265.7409866,210072863.5462255
31280,209448265.7409866,209244876.7437248
31320,209448265.7409866,209172337.5471857
31320,216312675.1888964,209172337.5471857
31360,216312675.1888964,211487841.9536374
31440,216312675.1888964,217460766.3740784
31500,216312675.1888964,218282309.8831233
31500,209828334.6054261,218282309.8831233
31520,209828334.6054261,217588652.0643338
31600,209828334.6054261,210452014.6910151
31680,209828334.6054261,208267643.4103882
31680,205236145.8984476,208267643.4103882
31760,205236145.8984476,204829574.0589337
31840,205236145.8984476,203475648.3966585
31860,205236145.8984476,203568046.1549357
31860,207059090.7836741,203568046.1549357
31920,207059090.7836741,205253300.3432789
32000,207059090.7836741,207092120.3119879
32040,207059090.7836741,207342844.2857904
32040,210684730.8029903,207342844.2857904
32080,210684730.8029903,208575741.1134157
32160,210684730.8029903,211522577.3632447
32220,210684730.8029903,211832732.3246574
32220,208029758.5545346,211832732.3246574
32240,208029758.5545346,211508151.2639384
32320,208029758.5545346,208422764.2590464
32400,208029758.5545346,207438030.6981845
32400,207770443.0424875,207438030.6981845
32400.00000648024,207770443.0424875,207438030.6889857
32400.00000648024,177770443.0424875,207438030.6889857
32480,177770443.0424875,169255890.7689373
32560,177770443.0424875,175450863.0296265
32580,177770443.0424875,176790715.0157536
32580,179528512.1168188,176790715.0157536
32640,179528512.1168188,179807283.9861788
32720,179528512.1168188,180920527.1667817
32760,179528512.1168188,180704033.5626673
32760,180577137.4643373,180704033.5626673
32800,180577137.4643373,180726253.1722135
32880,180577137.4643373,181104132.2690182
32940,180577137.4643373,181026618.3719945
32940,183834538.4230556,181026618.3719945
32960,183834538.4230556,181261784.0621822
33040,183834538.4230556,184188307.3498454
33120,183834538.4230556,184856534.9976622
33120,180123136.4677562,184856534.9976622
33200,180123136.4677562,181229817.4254878
33280,180123136.4677562,179262590.5037671
33300,180123136.4677562,179200563.1239706
33300,180252154.1884345,179200563.1239706
33360,180252154.1884345,179484846.6655946
33440,180252154.1884345,179974438.0231239
33480,180252154.1884345,180108608.1244467
33480,178241045.6277816,180108608.1244467
33520,178241045.6277816,179514885.5876176
33600,178241045.6277816,177857912.4381958
33660,178241045.6277816,177645112.9717727
33660,182149681.5501993,177645112.9717727
33680,182149681.5501993,178033358.3617859
33760,182149681.5501993,182070923.4316036
33840,182149681.5501993,183197912.2773901
33840,180676490.7749326,183197912.2773901
33920,180676490.7749326,181539751.5077626
34000,180676490.7749326,180503171.4850748
34020,180676490.7749326,180437876.890455
34020,180340091.1763124,180437876.890455
34080,180340091.1763124,180236948.6678326
34160,180340091.1763124,180142524.4732466
34200,180340091.1763124,180175847.8099588
34200,180621544.7073545,180175847.8099588
34240,180621544.7073545,180314663.9282993
34320,180621544.7073545,180625535.4330809
34380,180621544.7073545,180683727.8381646
34380,181802325.1261581,180683727.8381646
34400,181802325.1261581,180789557.058685
34480,181802325.1261581,181901837.5609253
34560,181802325.1261581,182163547.762276
34560,180317123.4986621,182163547.762276
34640,180317123.4986621,180734763.0678735
34720,180317123.4986621,179963411.7588138
34740,180317123.4986621,179940808.645293
34740,176559317.582982,179940808.645293
34800,176559317.582982,177726591.5680825
34880,176559317.582982,175455826.3300553
34920,176559317.582982,175378618.091145
34920,180905395.9094861,175378618.091145
34960,180905395.9094861,177038634.3083805
35040,180905395.9094861,181267906.9393553
35100,180905395.9094861,181989023.4165044
35100,178397908.8393688,181989023.4165044
35120,178397908.8393688,181734615.0993
35200,178397908.8393688,178844370.7377664
35280,178397908.8393688,177871523.218854
35280,180537747.3865297,177871523.218854
35360,180537747.3865297,179860952.6370952
35440,180537747.3865297,181010176.0902161
35460,180537747.3865297,181051048.192464
35460,176635742.9224911,181051048.192464
35520,176635742.9224911,178554302.834111
35600,176635742.9224911,175797866.8778685
35640,176635742.9224911,175589372.9445893
35640,180336183.223985,175589372.9445893
35680,180336183.223985,176962235.8393177
35760,180336183.223985,180589528.5640954
35820,180336183.223985,181231752.4906889
35820,174958662.1145054,181231752.4906889
35840,174958662.1145054,180731176.0098702
35920,174958662.1145054,175158466.4425603
36000,174958662.1145054,173553367.6509835
36000,179969087.8599897,173553367.6509835
36000.00000720016,179969087.8599897,173553367.6519027
36000.00000720016,149969087.8599897,173553367.6519027
36080,149969087.8599897,78800143.45733875
36160,149969087.8599897,182569392.2681546
36180,149969087.8599897,190726280.3953739
36180,149189257.1067728,190726280.3953739
36240,149189257.1067728,188605696.3429893
36320,149189257.1067728,168554614.6305816
36360,149189257.1067728,160993771.508002
36360,154940228.5087985,160993771.508002
36400,154940228.5087985,157854045.8265658
36480,154940228.5087985,157930407.2211561
36540,154940228.5087985,157347517.137717
36540,151383047.6269414,157347517.137717
36560,151383047.6269414,156722733.6370708
36640,151383047.6269414,152164304.2666302
36720,151383047.6269414,150682778.6371044
36720,144916782.0996204,150682778.6371044
36800,144916782.0996204,145290513.705018
36880,144916782.0996204,142810245.185534
36900,144916782.0996204,142850108.8379555
36900,150830198.6659524,142850108.8379555
36960,150830198.6659524,147103429.0421927
37040,150830198.6659524,151778016.7267387
37080,150830198.6659524,152231739.8079891
37080,150658622.5465138,152231739.8079891
37120,150658622.5465138,152043730.9688099
37200,150658622.5465138,151249252.5421634
37260,150658622.5465138,150893422.5894519
37260,151391261.5849454,150893422.5894519
37280,151391261.5849454,150889789.3580483
37360,151391261.5849454,151465421.2022464
37440,151391261.5849454,151613789.2878699
37440,151303020.8866893,151613789.2878699
37520,151303020.8866893,151446290.1000161
37600,151303020.8866893,151327939.682115
37620,151303020.8866893,151315511.2646667
37620,152211686.1547213,151315511.2646667
37680,152211686.1547213,151856124.0269144
37760,152211686.1547213,152444637.6441422
37800,152211686.1547213,152477072.9141375
37800,149516398.2397886,152477072.9141375
37840,149516398.2397886,151537779.1591952
37920,149516398.2397886,149122732.2987325
37980,149516398.2397886,148768899.8711643
37980,148049974.2353695,148768899.8711643
38000,148049974.2353695,148675210.6516895
38080,148049974.2353695,147594619.4551675
38160,148049974.2353695,147481841.5625827
38160,149126776.712071,147481841.5625827
38240,149126776.712071,148679198.1395487
38320,149126776.712071,149331880.809087
38340,149126776.712071,149361085.7879747
38340,151416074.7030773,149361085.7879747
38400,151416074.7030773,150723338.2512978
38480,151416074.7030773,152098219.7305943
38520,151416074.7030773,152141110.2889687
38520,150031630.4128476,152141110.2889687
38560,150031630.4128476,151547558.8038456
38640,150031630.4128476,150044708.3539167
38700,150031630.4128476,149744356.9512002
38700,148556519.7316888,149744356.9512002
38720,148556519.7316888,149607105.5078605
38800,148556519.7316888,148304132.2222431
38880,148556519.7316888,148057059.6721758
38880,150876047.3963415,148057059.6721758
38960,150876047.3963415,150276101.6596648
39040,150876047.3963415,151450307.5582755
39060,150876047.3963415,151480220.5070893
39060,147520086.6997037,151480220.5070893
39120,147520086.6997037,149280630.9835011
39200,147520086.6997037,146844083.2811263
39240,147520086.6997037,146646057.9616749
39240,153237171.8744659,146646057.9616749
39280,153237171.8744659,148658318.0400384
39360,153237171.8744659,153926419.3802488
39420,153237171.8744659,154755784.4879038
39420,148611957.4127477,154755784.4879038
39440,148611957.4127477,154278268.4259081
39520,148611957.4127477,149147318.6153513
39600,148611957.4127477,147533893.5958317
39600,149578631.7356105,147533893.5958317
39680,149578631.7356105,148711790.7456891
39760,149578631.7356105,149568518.5611881
39780,149578631.7356105,149641092.3595416
39780,151074957.5592345,149641092.3595416
39840,151074957.5592345,150609815.2279274
39920,151074957.5592345,151526557.7737826
39960,151074957.5592345,151553435.7711432
39960,153734169.3815948,151553435.7711432
40000,153734169.3815948,152349912.9586345
40000,153734169.3815948,152349912.9586345
